analysis_text,category,created_at,date,id,insights,items,merchant_name,savings_suggestions,total_amount,source
Analysis complete for GROCERY DEPOT,Grocery,2025-07-26 12:03:52.898688+00:00,2019-01-07 00:00:00+00:00,3b43f912-2f7b-4957-9a58-315ee74417ce,"['Spent $7.77 on WHOLEMILK.', 'Purchased 4 units of DELITE SKIM.']","[{'name': 'DELITE SKIM', 'price': 10.36, 'quantity': 4}, {'name': 'WHOLEMILK', 'price': 7.77, 'quantity': 3}, {'name': 'REDBULL', 'price': 1.89, 'quantity': 1}, {'name': 'STRING CHEESE 16PK', 'price': 7.98, 'quantity': 2}]",GROCERY DEPOT,"['Consider buying store-brand milk to save money.', 'Look for discounts on string cheese.']",29.82,
Analysis complete for GROCERY DEPOT,Grocery,2025-07-22 09:05:06.717397+00:00,2019-01-07 00:00:00+00:00,406a96e0-4d43-49b0-a65c-4fe1b324101c,"['Multiple dairy products purchased.', 'Purchase includes an energy drink.']","[{'name': 'DELITE SKIM', 'price': 10.36, 'quantity': 4}, {'name': 'WHOLEMILK', 'price': 7.77, 'quantity': 3}, {'name': 'REDBULL', 'price': 1.89, 'quantity': 1}, {'name': 'STRING CHEESE 16PK', 'price': 7.98, 'quantity': 2}]",GROCERY DEPOT,"['Consider purchasing store-brand milk for potential savings.', 'Look for sales or discounts on energy drinks.']",29.82,
Analysis complete for GROCERY DEPOT,Grocery,2025-07-22 19:08:07.937131+00:00,2019-01-07 00:00:00+00:00,48c22ca6-06e9-4c4e-8056-f933521b6067,"['Bulk buying of Delite Skim and String Cheese may offer better long-term value.', 'Spending on Redbull indicates energy drink consumption.']","[{'name': 'DELITE SKIM', 'price': 10.36, 'quantity': 4}, {'name': 'WHOLEMILK', 'price': 7.77, 'quantity': 3}, {'name': 'REDBULL', 'price': 1.89, 'quantity': 1}, {'name': 'STRING CHEESE 16PK', 'price': 7.98, 'quantity': 2}]",GROCERY DEPOT,"['Consider buying store-brand milk to save money.', 'Look for deals or bulk discounts on frequently purchased items like string cheese.']",29.82,
Analysis complete for Superstore,Electronics,2025-07-22 08:01:20.231140+00:00,2023-01-20 00:00:00+00:00,5907f4f6-f2bd-4d1b-bda4-6155685cb618,"['High value purchase detected', 'Consider insuring the purchased item against theft or damage.']","[{'name': 'Specialized Kenevo Expert Carbon', 'price': 10999.99, 'quantity': 1}]",Superstore,"['Explore potential cashback or rewards programs associated with your credit card.', 'Check for price match guarantees with other retailers.']",11852.49,
Analysis complete for GROCERY DEPOT,Grocery,2025-07-26 12:28:24.073142+00:00,2019-01-07 00:00:00+00:00,610dea72-6356-4c28-a4ce-d695b86b3915,"['Multiple milk products purchased.', 'String cheese purchased may indicate snacks for children.']","[{'name': 'DELITE SKIM', 'price': 2.59, 'quantity': 4}, {'name': 'WHOLEMILK', 'price': 2.59, 'quantity': 3}, {'name': 'REDBULL', 'price': 1.89, 'quantity': 1}, {'name': 'STRING CHEESE 16PK', 'price': 3.99, 'quantity': 2}]",GROCERY DEPOT,"['Consider buying milk in larger containers to reduce cost per unit.', 'Look for store-brand string cheese for potential savings.']",29.82,
Analysis complete for GROCERY DEPOT,Grocery,2025-07-22 19:02:02.580368+00:00,2019-01-07 00:00:00+00:00,98affd8c-ab9d-40d9-9762-d83a8d5ea9a0,"['Multiple dairy items purchased.', 'Redbull purchase indicates energy drink consumption.']","[{'name': 'DELITE SKIM', 'price': 2.59, 'quantity': 4}, {'name': 'WHOLEMILK', 'price': 2.59, 'quantity': 3}, {'name': 'REDBULL', 'price': 1.89, 'quantity': 1}, {'name': 'STRING CHEESE 16PK', 'price': 3.99, 'quantity': 2}]",GROCERY DEPOT,"['Consider store-brand dairy products for cost savings.', 'Limit energy drink purchases to reduce spending on non-essential items.']",29.82,
Analysis complete for Superstore,Electronics,2025-07-22 08:03:47.561540+00:00,2023-01-20 00:00:00+00:00,b206fe7f-5f8d-4eb6-8bb5-fc6e754a3b00,"['The purchase amount is significantly high, consider if it aligns with your budget.', 'The return policy is limited to 7 days, so be sure you are happy with your purchase!']","[{'name': 'Specialized Kenevo Expert Carbon', 'price': 10999.99, 'quantity': 1}]",Superstore,"['Consider purchasing a extended warranty for your item to protect your item!', 'Explore financing options or payment plans to ease the financial burden.']",11852.49,
Analysis complete for WALL-MART-SUPERSTORE,Retail,2025-07-22 08:00:11.709110+00:00,2020-10-17 00:00:00+00:00,d2d07e27-9a6c-4e7f-9ddc-1a21af0fa66a,"['The T-shirt makes up a significant portion of the total purchase (61.9%).', 'Four items were purchased on this trip.']","[{'name': 'HAND TOWEL', 'price': 2.97, 'quantity': 1}, {'name': 'GATORADE', 'price': 2.0, 'quantity': 1}, {'name': 'T-SHIRT', 'price': 16.88, 'quantity': 1}, {'name': 'PUSH PINS', 'price': 1.24, 'quantity': 1}]",WALL-MART-SUPERSTORE,"['Consider buying T-shirts in bulk to potentially lower the per-item cost.', 'Check for any ongoing promotions or discounts on Gatorade or similar sports drinks at other stores.']",27.27,
Analysis complete for GROCERY DEPOT,Grocery,2025-07-26 13:54:06.469850+00:00,2019-01-07 00:00:00+00:00,d607b3b3-d07d-4b77-b7b9-cadb4262a760,"['Spent $7.77 on WHOLEMILK.', 'Spent $7.98 on STRING CHEESE 16PK.']","[{'name': 'DELITE SKIM', 'price': 2.59, 'quantity': 4}, {'name': 'WHOLEMILK', 'price': 2.59, 'quantity': 3}, {'name': 'REDBULL', 'price': 1.89, 'quantity': 1}, {'name': 'STRING CHEESE 16PK', 'price': 3.99, 'quantity': 2}]",GROCERY DEPOT,"['Consider buying store-brand milk for potential savings.', 'Look for sales or bulk discounts on items you frequently purchase, like string cheese.']",29.82,
Analysis complete for GROCERY DEPOT,Grocery,2025-07-26 14:36:26.099401+00:00,2019-01-07 00:00:00+00:00,d65c4eb8-ccaa-4aab-be52-2f044baffd52,"['Most of the expenditure is on milk products.', 'Consider buying milk in larger quantities for potential savings.']","[{'name': 'DELITE SKIM', 'price': 2.59, 'quantity': 4}, {'name': 'WHOLEMILK', 'price': 2.59, 'quantity': 3}, {'name': 'REDBULL', 'price': 1.89, 'quantity': 1}, {'name': 'STRING CHEESE 16PK', 'price': 3.99, 'quantity': 2}]",GROCERY DEPOT,"['Compare prices of milk and string cheese at other stores.', 'Look for discounts or promotions on milk products.']",29.82,
Analysis complete for GROCERY DEPOT,Grocery,2025-07-26 09:27:00.730417+00:00,2019-01-07 00:00:00+00:00,de85c6ba-d448-4e91-aa61-e6f7db818982,"['Spent $10.36 on Delite Skim Milk.', 'Purchased milk and cheese, indicating a focus on dairy products.']","[{'name': 'DELITE SKIM', 'price': 2.59, 'quantity': 4}, {'name': 'WHOLEMILK', 'price': 2.59, 'quantity': 3}, {'name': 'REDBULL', 'price': 1.89, 'quantity': 1}, {'name': 'STRING CHEESE 16PK', 'price': 3.99, 'quantity': 2}]",GROCERY DEPOT,"['Consider buying store-brand milk to save money.', 'Look for discounts or coupons on string cheese.']",29.82,
Analysis complete for GROCERY DEPOT,Grocery,2025-07-26 13:48:37.035035+00:00,2019-01-07 00:00:00+00:00,eeebe3d5-51af-409f-b27f-80a08986c655,"['Multiple milk products purchased.', 'String cheese purchase suggests snack items.']","[{'name': 'DELITE SKIM', 'price': 2.59, 'quantity': 4}, {'name': 'WHOLEMILK', 'price': 2.59, 'quantity': 3}, {'name': 'REDBULL', 'price': 1.89, 'quantity': 1}, {'name': 'STRING CHEESE 16PK', 'price': 3.99, 'quantity': 2}]",GROCERY DEPOT,"['Compare prices of milk brands for potential savings.', 'Consider buying larger packs of string cheese if consumed regularly.']",29.82,
Analysis complete for GROCERY DEPOT,Grocery,2025-07-26 07:57:29.276298+00:00,2019-01-07 00:00:00+00:00,f0102ed4-cd09-4c3b-9c03-00874f324b74,"['Multiple milk products purchased.', 'String cheese was bought in a pack of 16.']","[{'name': 'DELITE SKIM', 'price': 10.36, 'quantity': 4}, {'name': 'WHOLEMILK', 'price': 7.77, 'quantity': 3}, {'name': 'REDBULL', 'price': 1.89, 'quantity': 1}, {'name': 'STRING CHEESE 16PK', 'price': 7.98, 'quantity': 2}]",GROCERY DEPOT,"['Consider buying larger quantities of milk if consumption is high to potentially reduce the per-unit cost.', 'Explore store brands for string cheese as they are often cheaper than name brands.']",29.82,
Analysis complete for BIG BAZAAR,Grocery,2025-07-26 18:45:10+05:30,2025-07-25 00:00:00+05:30,f1a2b3c4-d5e6-7f89-g0h1-i2j3k4l5m6n7,"['Purchased fresh produce and daily essentials.', 'Consider buying in bulk for savings.']","[{'name': 'RICE', 'price': 20.00, 'quantity': 1}, {'name': 'LENTILS', 'price': 15.50, 'quantity': 1}, {'name': 'SPICES', 'price': 10.00, 'quantity': 1}]",BIG BAZAAR,"['Look for discounts on bulk purchases.', 'Consider store-brand products for cost savings.']",45.5,
Analysis complete for DMART,Grocery,2025-07-26 19:20:30+05:30,2025-07-24 00:00:00+05:30,o1p2q3r4-s5t6-7u89-v0w1-x2y3z4a5b6c7,"['Bought daily essentials and snacks.', 'Consider loyalty programs for additional savings.']","[{'name': 'BREAD', 'price': 25.00, 'quantity': 1}, {'name': 'BUTTER', 'price': 20.00, 'quantity': 1}, {'name': 'CHIPS', 'price': 33.90, 'quantity': 1}]",DMART,"['Join loyalty programs for discounts.', 'Check for offers on frequently purchased items.']",78.9,
Analysis complete for RELIANCE FRESH,Grocery,2025-07-26 20:05:55+05:30,2025-07-23 00:00:00+05:30,d1e2f3g4-h5i6-7j89-k0l1-m2n3o4p5q6r7,"['High expenditure on fresh produce.', 'Consider seasonal discounts.']","[{'name': 'VEGETABLES', 'price': 50.00, 'quantity': 1}, {'name': 'FRUITS', 'price': 60.25, 'quantity': 1}, {'name': 'DAIRY', 'price': 40.00, 'quantity': 1}]",RELIANCE FRESH,"['Look for seasonal discounts on produce.', 'Consider buying larger quantities for savings.']",150.25,
Analysis complete for MORE SUPERMARKET,Grocery,2025-07-26 21:15:45+05:30,2025-07-22 00:00:00+05:30,s1t2u3v4-w5x6-7y89-z0a1-b2c3d4e5f6g7,"['Frequent purchase of snacks.', 'Consider healthier alternatives.']","[{'name': 'COOKIES', 'price': 12.10, 'quantity': 1}, {'name': 'JUICE', 'price': 10.00, 'quantity': 1}, {'name': 'SNACKS', 'price': 10.00, 'quantity': 1}]",MORE SUPERMARKET,"['Opt for healthier snack alternatives.', 'Look for combo offers on snacks.']",32.1,
Analysis complete for SPENCER'S,Grocery,2025-07-26 22:30:20+05:30,2025-07-21 00:00:00+05:30,h1i2j3k4-l5m6-7n89-o0p1-q2r3s4t5u6v7,"['Purchased household essentials.', 'Consider bulk buying for savings.']","[{'name': 'DETERGENT', 'price': 30.00, 'quantity': 1}, {'name': 'CLEANING SUPPLIES', 'price': 20.75, 'quantity': 1}, {'name': 'TOILETRIES', 'price': 10.00, 'quantity': 1}]",SPENCER'S,"['Buy in bulk to reduce cost per unit.', 'Check for offers on household essentials.']",60.75,
Analysis complete for PHARMA PLUS,Entertainment,2025-07-26T23:44:52.189856,2025-03-03T00:00:00,e000de46-e3ed-418d-a893-a92e5a27c89b,"['Purchased various items.', 'Consider loyalty programs for savings.']","[{'name': 'CONCERT TICKET', 'price': 100.0}, {'name': 'MOVIE TICKET', 'price': 15.0}]",PHARMA PLUS,"['Look for discounts.', 'Consider bulk buying.']",115.0,
Analysis complete for BIG BAZAAR,Electronics,2025-07-26T23:44:52.189927,2025-03-29T00:00:00,63104e58-5567-4792-a6c9-e3956eade238,"['Purchased various items.', 'Consider loyalty programs for savings.']","[{'name': 'CHARGER', 'price': 50.0}, {'name': 'HEADPHONES', 'price': 150.0}]",BIG BAZAAR,"['Look for discounts.', 'Consider bulk buying.']",200.0,
Analysis complete for MORE SUPERMARKET,Grocery,2025-07-26T23:44:52.189964,2025-02-17T00:00:00,8073b619-a6d2-4c5a-a3f1-1613d1ffeb40,"['Purchased various items.', 'Consider loyalty programs for savings.']","[{'name': 'RICE', 'price': 20.0}, {'name': 'LENTILS', 'price': 15.5}]",MORE SUPERMARKET,"['Look for discounts.', 'Consider bulk buying.']",25.5,
Analysis complete for EATERY,Dining,2025-07-26T23:44:52.189986,2025-02-10T00:00:00,cc6fc4f4-0073-46c1-86ae-ae182bf6b73b,"['Purchased various items.', 'Consider loyalty programs for savings.']","[{'name': 'LUNCH', 'price': 50.0}, {'name': 'DINNER', 'price': 80.0}]",EATERY,"['Look for discounts.', 'Consider bulk buying.']",130.0,
Analysis complete for EATERY,Pharmacy,2025-07-26T23:44:52.190014,2025-04-18T00:00:00,a4ae2ecb-c5c1-4a53-8fc1-339385587e43,"['Purchased various items.', 'Consider loyalty programs for savings.']","[{'name': 'VITAMINS', 'price': 25.0}, {'name': 'PAINKILLERS', 'price': 15.0}]",EATERY,"['Look for discounts.', 'Consider bulk buying.']",40.0,
Analysis complete for SPENCER'S,Entertainment,2025-07-26T23:44:52.190029,2025-01-18T00:00:00,47f4e740-e692-40f9-9340-7eba3231a6ee,"['Purchased various items.', 'Consider loyalty programs for savings.']","[{'name': 'CONCERT TICKET', 'price': 100.0}, {'name': 'MOVIE TICKET', 'price': 15.0}]",SPENCER'S,"['Look for discounts.', 'Consider bulk buying.']",115.0,
Analysis complete for EATERY,Transport,2025-07-26T23:44:52.190045,2025-05-24T00:00:00,c0827d26-4e21-42d4-86df-f9f3bd86ad67,"['Purchased various items.', 'Consider loyalty programs for savings.']","[{'name': 'BUS PASS', 'price': 30.0}, {'name': 'TAXI RIDE', 'price': 100.0}]",EATERY,"['Look for discounts.', 'Consider bulk buying.']",130.0,
Analysis complete for SPENCER'S,Dining,2025-07-26T23:44:52.190064,2025-01-06T00:00:00,00f480dd-f7c0-4e0b-89de-a98526086b42,"['Purchased various items.', 'Consider loyalty programs for savings.']","[{'name': 'DINNER', 'price': 80.0}, {'name': 'LUNCH', 'price': 50.0}]",SPENCER'S,"['Look for discounts.', 'Consider bulk buying.']",130.0,
Analysis complete for EATERY,Pharmacy,2025-07-26T23:44:52.190089,2025-07-25T00:00:00,08d0575f-2413-46d3-9236-db38b230e4e5,"['Purchased various items.', 'Consider loyalty programs for savings.']","[{'name': 'PAINKILLERS', 'price': 15.0}, {'name': 'VITAMINS', 'price': 25.0}]",EATERY,"['Look for discounts.', 'Consider bulk buying.']",40.0,
Analysis complete for DMART,Retail,2025-07-26T23:44:52.190104,2025-05-15T00:00:00,0f8b37de-2e77-4bcc-afbd-421c7e29505e,"['Purchased various items.', 'Consider loyalty programs for savings.']","[{'name': 'JEANS', 'price': 60.0}, {'name': 'SHIRT', 'price': 40.0}]",DMART,"['Look for discounts.', 'Consider bulk buying.']",100.0,
Analysis complete for MOVIEPLEX,Dining,2025-07-26T23:44:52.190118,2025-05-25T00:00:00,37920aea-5b59-491e-b1ea-291d676f55a9,"['Purchased various items.', 'Consider loyalty programs for savings.']","[{'name': 'LUNCH', 'price': 50.0}, {'name': 'DINNER', 'price': 80.0}]",MOVIEPLEX,"['Look for discounts.', 'Consider bulk buying.']",130.0,
Analysis complete for BIG BAZAAR,Entertainment,2025-07-26T23:44:52.190130,2025-04-06T00:00:00,afff9f61-545c-4e5a-b759-5c0c65aeb9ce,"['Purchased various items.', 'Consider loyalty programs for savings.']","[{'name': 'MOVIE TICKET', 'price': 15.0}, {'name': 'CONCERT TICKET', 'price': 100.0}]",BIG BAZAAR,"['Look for discounts.', 'Consider bulk buying.']",115.0,
Analysis complete for CITY UTILITIES,Retail,2025-07-26T23:44:52.190143,2025-05-05T00:00:00,6c3369e5-b07d-44c0-8231-ac741ceff02f,"['Purchased various items.', 'Consider loyalty programs for savings.']","[{'name': 'JEANS', 'price': 60.0}, {'name': 'SHIRT', 'price': 40.0}]",CITY UTILITIES,"['Look for discounts.', 'Consider bulk buying.']",100.0,
Analysis complete for SPENCER'S,Shopping,2025-07-26T23:44:52.190156,2025-05-15T00:00:00,2ce42004-f523-4ca0-86aa-529bb8a91962,"['Purchased various items.', 'Consider loyalty programs for savings.']","[{'name': 'WATCH', 'price': 120.0}, {'name': 'SHOES', 'price': 70.0}]",SPENCER'S,"['Look for discounts.', 'Consider bulk buying.']",190.0,
Analysis complete for MORE SUPERMARKET,Electronics,2025-07-26T23:44:52.190168,2025-06-17T00:00:00,8f982beb-a755-40cf-9440-7ee5b2192dc5,"['Purchased various items.', 'Consider loyalty programs for savings.']","[{'name': 'CHARGER', 'price': 50.0}, {'name': 'HEADPHONES', 'price': 150.0}]",MORE SUPERMARKET,"['Look for discounts.', 'Consider bulk buying.']",200.0,
Analysis complete for RELIANCE FRESH,Shopping,2025-07-26T23:44:52.190180,2025-07-15T00:00:00,2741e337-508b-4e2d-a290-20cf03f09c8e,"['Purchased various items.', 'Consider loyalty programs for savings.']","[{'name': 'SHOES', 'price': 70.0}, {'name': 'WATCH', 'price': 120.0}]",RELIANCE FRESH,"['Look for discounts.', 'Consider bulk buying.']",190.0,
Analysis complete for RELIANCE FRESH,Pharmacy,2025-07-26T23:44:52.190192,2025-04-25T00:00:00,e787f5ef-322e-43d1-9b39-84f32de417d9,"['Purchased various items.', 'Consider loyalty programs for savings.']","[{'name': 'VITAMINS', 'price': 25.0}, {'name': 'PAINKILLERS', 'price': 15.0}]",RELIANCE FRESH,"['Look for discounts.', 'Consider bulk buying.']",40.0,
Analysis complete for PHARMA PLUS,Grocery,2025-07-26T23:44:52.190204,2025-02-13T00:00:00,fefada34-7a91-4178-bdfc-c9828f314f07,"['Purchased various items.', 'Consider loyalty programs for savings.']","[{'name': 'RICE', 'price': 20.0}, {'name': 'SPICES', 'price': 10.0}]",PHARMA PLUS,"['Look for discounts.', 'Consider bulk buying.']",35.5,
Analysis complete for BIG BAZAAR,Utilities,2025-07-26T23:44:52.190216,2025-04-14T00:00:00,920418c1-e242-4ac0-9965-f8b96f78357d,"['Purchased various items.', 'Consider loyalty programs for savings.']","[{'name': 'WATER BILL', 'price': 50.0}, {'name': 'ELECTRICITY BILL', 'price': 100.0}]",BIG BAZAAR,"['Look for discounts.', 'Consider bulk buying.']",150.0,
Analysis complete for RELIANCE FRESH,Dining,2025-07-26T23:44:52.190228,2025-07-10T00:00:00,9aa5f7fb-5fef-4015-957b-2834bbab47da,"['Purchased various items.', 'Consider loyalty programs for savings.']","[{'name': 'DINNER', 'price': 80.0}, {'name': 'LUNCH', 'price': 50.0}]",RELIANCE FRESH,"['Look for discounts.', 'Consider bulk buying.']",130.0,
Analysis complete for DMART,Pharmacy,2025-07-26T23:44:52.190239,2025-03-12T00:00:00,7e1e07e1-3d93-4742-8c2d-30b97231a363,"['Purchased various items.', 'Consider loyalty programs for savings.']","[{'name': 'PAINKILLERS', 'price': 15.0}, {'name': 'VITAMINS', 'price': 25.0}]",DMART,"['Look for discounts.', 'Consider bulk buying.']",40.0,
Analysis complete for MORE SUPERMARKET,Grocery,2025-07-26T23:44:52.190251,2025-06-11T00:00:00,2ca9e256-0837-479a-97e5-6f169fac5c85,"['Purchased various items.', 'Consider loyalty programs for savings.']","[{'name': 'RICE', 'price': 20.0}, {'name': 'LENTILS', 'price': 15.5}]",MORE SUPERMARKET,"['Look for discounts.', 'Consider bulk buying.']",35.5,
Analysis complete for CITY UTILITIES,Dining,2025-07-26T23:44:52.190263,2025-03-29T00:00:00,e4e07e85-3c40-4c9d-83c4-d92090a42a48,"['Purchased various items.', 'Consider loyalty programs for savings.']","[{'name': 'DINNER', 'price': 80.0}, {'name': 'LUNCH', 'price': 50.0}]",CITY UTILITIES,"['Look for discounts.', 'Consider bulk buying.']",130.0,
Analysis complete for RELIANCE FRESH,Grocery,2025-07-26T23:44:52.190279,2025-06-24T00:00:00,853023e9-5c82-481e-ad71-0ee488fd869e,"['Purchased various items.', 'Consider loyalty programs for savings.']","[{'name': 'RICE', 'price': 20.0}, {'name': 'LENTILS', 'price': 15.5}]",RELIANCE FRESH,"['Look for discounts.', 'Consider bulk buying.']",35.5,
Analysis complete for SPENCER'S,Pharmacy,2025-07-26T23:44:52.190290,2025-05-23T00:00:00,5b55d446-862f-414c-81b8-fb9c4be21bc7,"['Purchased various items.', 'Consider loyalty programs for savings.']","[{'name': 'VITAMINS', 'price': 25.0}, {'name': 'PAINKILLERS', 'price': 15.0}]",SPENCER'S,"['Look for discounts.', 'Consider bulk buying.']",40.0,
Analysis complete for CITY UTILITIES,Pharmacy,2025-07-26T23:44:52.190302,2025-03-14T00:00:00,59ef4b42-15e5-4bd7-9fc9-3fec923b9dae,"['Purchased various items.', 'Consider loyalty programs for savings.']","[{'name': 'PAINKILLERS', 'price': 15.0}, {'name': 'VITAMINS', 'price': 25.0}]",CITY UTILITIES,"['Look for discounts.', 'Consider bulk buying.']",40.0,
Analysis complete for PHARMA PLUS,Electronics,2025-07-26T23:44:52.190314,2025-06-20T00:00:00,1e3275f5-7ffc-46f0-b7d0-b4497e240dff,"['Purchased various items.', 'Consider loyalty programs for savings.']","[{'name': 'HEADPHONES', 'price': 150.0}, {'name': 'CHARGER', 'price': 50.0}]",PHARMA PLUS,"['Look for discounts.', 'Consider bulk buying.']",200.0,
Analysis complete for BIG BAZAAR,Transport,2025-07-26T23:44:52.190325,2025-01-10T00:00:00,2c7ea25a-57df-4c31-820f-28d8886d0edd,"['Purchased various items.', 'Consider loyalty programs for savings.']","[{'name': 'BUS PASS', 'price': 30.0}, {'name': 'TAXI RIDE', 'price': 100.0}]",BIG BAZAAR,"['Look for discounts.', 'Consider bulk buying.']",130.0,
Analysis complete for EATERY,Transport,2025-07-26T23:44:52.190337,2025-05-22T00:00:00,5720c449-99f5-4d86-8056-6a1b4431b65d,"['Purchased various items.', 'Consider loyalty programs for savings.']","[{'name': 'TAXI RIDE', 'price': 100.0}, {'name': 'BUS PASS', 'price': 30.0}]",EATERY,"['Look for discounts.', 'Consider bulk buying.']",130.0,
Analysis complete for EATERY,Pharmacy,2025-07-26T23:44:52.190348,2025-03-17T00:00:00,b1c43d17-9b85-4c88-b1ad-3216420899c0,"['Purchased various items.', 'Consider loyalty programs for savings.']","[{'name': 'VITAMINS', 'price': 25.0}, {'name': 'PAINKILLERS', 'price': 15.0}]",EATERY,"['Look for discounts.', 'Consider bulk buying.']",40.0,
Analysis complete for PHARMA PLUS,Transport,2025-07-26T23:44:52.190360,2025-04-02T00:00:00,ea453cd2-16b3-4350-8d0c-719b2039e096,"['Purchased various items.', 'Consider loyalty programs for savings.']","[{'name': 'TAXI RIDE', 'price': 100.0}, {'name': 'BUS PASS', 'price': 30.0}]",PHARMA PLUS,"['Look for discounts.', 'Consider bulk buying.']",130.0,
Analysis complete for MORE SUPERMARKET,Transport,2025-07-26T23:44:52.190371,2025-07-01T00:00:00,f85f996f-75ad-4876-a296-2aa0d1c9f8d9,"['Purchased various items.', 'Consider loyalty programs for savings.']","[{'name': 'BUS PASS', 'price': 30.0}, {'name': 'TAXI RIDE', 'price': 100.0}]",MORE SUPERMARKET,"['Look for discounts.', 'Consider bulk buying.']",130.0,
Analysis complete for DMART,Transport,2025-07-26T23:44:52.190383,2025-06-03T00:00:00,a7e0ec2d-c793-418e-a1c3-5d250b1f9c41,"['Purchased various items.', 'Consider loyalty programs for savings.']","[{'name': 'BUS PASS', 'price': 30.0}, {'name': 'TAXI RIDE', 'price': 100.0}]",DMART,"['Look for discounts.', 'Consider bulk buying.']",130.0,
Analysis complete for SPENCER'S,Retail,2025-07-26T23:44:52.190394,2025-01-21T00:00:00,c64e195c-1297-4e85-8032-32ec8050fc3f,"['Purchased various items.', 'Consider loyalty programs for savings.']","[{'name': 'JEANS', 'price': 60.0}, {'name': 'SHIRT', 'price': 40.0}]",SPENCER'S,"['Look for discounts.', 'Consider bulk buying.']",100.0,
Analysis complete for DMART,Utilities,2025-07-26T23:44:52.190409,2025-03-15T00:00:00,f47be36b-ed31-44b2-a03c-71443cbde50a,"['Purchased various items.', 'Consider loyalty programs for savings.']","[{'name': 'ELECTRICITY BILL', 'price': 100.0}, {'name': 'WATER BILL', 'price': 50.0}]",DMART,"['Look for discounts.', 'Consider bulk buying.']",150.0,
Analysis complete for CITY UTILITIES,Transport,2025-07-26T23:44:52.190421,2025-04-23T00:00:00,c32820a1-df03-4174-b130-dc3ab65d6cb5,"['Purchased various items.', 'Consider loyalty programs for savings.']","[{'name': 'TAXI RIDE', 'price': 100.0}, {'name': 'BUS PASS', 'price': 30.0}]",CITY UTILITIES,"['Look for discounts.', 'Consider bulk buying.']",130.0,
Analysis complete for BIG BAZAAR,Utilities,2025-07-26T23:44:52.190432,2025-01-22T00:00:00,6aed33b7-3c7f-45be-a10f-de294dbe40c1,"['Purchased various items.', 'Consider loyalty programs for savings.']","[{'name': 'ELECTRICITY BILL', 'price': 100.0}, {'name': 'WATER BILL', 'price': 50.0}]",BIG BAZAAR,"['Look for discounts.', 'Consider bulk buying.']",150.0,
Analysis complete for MOVIEPLEX,Utilities,2025-07-26T23:44:52.190443,2025-02-03T00:00:00,fc3f363d-44dc-4641-a54a-dba00e11a50b,"['Purchased various items.', 'Consider loyalty programs for savings.']","[{'name': 'ELECTRICITY BILL', 'price': 100.0}, {'name': 'WATER BILL', 'price': 50.0}]",MOVIEPLEX,"['Look for discounts.', 'Consider bulk buying.']",150.0,
Analysis complete for PHARMA PLUS,Transport,2025-07-26T23:44:52.190454,2025-04-20T00:00:00,c194991d-e6fd-4436-bb52-348d7aaf9a4f,"['Purchased various items.', 'Consider loyalty programs for savings.']","[{'name': 'BUS PASS', 'price': 30.0}, {'name': 'TAXI RIDE', 'price': 100.0}]",PHARMA PLUS,"['Look for discounts.', 'Consider bulk buying.']",130.0,
Analysis complete for MOVIEPLEX,Utilities,2025-07-26T23:44:52.190465,2025-06-03T00:00:00,d7beb85a-20b0-4d1b-a3b5-bbf934f8bd5c,"['Purchased various items.', 'Consider loyalty programs for savings.']","[{'name': 'WATER BILL', 'price': 50.0}, {'name': 'ELECTRICITY BILL', 'price': 100.0}]",MOVIEPLEX,"['Look for discounts.', 'Consider bulk buying.']",150.0,
Analysis complete for SPENCER'S,Electronics,2025-07-26T23:44:52.190476,2025-02-16T00:00:00,98ab6369-4b60-4ae9-a121-a10332a6e2bd,"['Purchased various items.', 'Consider loyalty programs for savings.']","[{'name': 'CHARGER', 'price': 50.0}, {'name': 'HEADPHONES', 'price': 150.0}]",SPENCER'S,"['Look for discounts.', 'Consider bulk buying.']",200.0,
Analysis complete for MORE SUPERMARKET,Retail,2025-07-26T23:44:52.190487,2025-05-09T00:00:00,4eea8108-b956-40fc-b9a1-fe49c3000340,"['Purchased various items.', 'Consider loyalty programs for savings.']","[{'name': 'JEANS', 'price': 60.0}, {'name': 'SHIRT', 'price': 40.0}]",MORE SUPERMARKET,"['Look for discounts.', 'Consider bulk buying.']",100.0,
Analysis complete for CITY UTILITIES,Electronics,2025-07-26T23:44:52.190499,2025-04-25T00:00:00,96f9ba5c-2b17-49fe-ba5b-10a94a30a1c8,"['Purchased various items.', 'Consider loyalty programs for savings.']","[{'name': 'CHARGER', 'price': 50.0}, {'name': 'HEADPHONES', 'price': 150.0}]",CITY UTILITIES,"['Look for discounts.', 'Consider bulk buying.']",200.0,
Analysis complete for RELIANCE FRESH,Retail,2025-07-26T23:44:52.190509,2025-05-17T00:00:00,6a72e060-d3ed-4d2e-ae80-d2f56b4d4a9f,"['Purchased various items.', 'Consider loyalty programs for savings.']","[{'name': 'JEANS', 'price': 60.0}, {'name': 'SHIRT', 'price': 40.0}]",RELIANCE FRESH,"['Look for discounts.', 'Consider bulk buying.']",100.0,
Analysis complete for MORE SUPERMARKET,Utilities,2025-07-26T23:44:52.190520,2025-02-19T00:00:00,3d29a1cc-38eb-4051-ad07-8ffcfcd143ae,"['Purchased various items.', 'Consider loyalty programs for savings.']","[{'name': 'WATER BILL', 'price': 50.0}, {'name': 'ELECTRICITY BILL', 'price': 100.0}]",MORE SUPERMARKET,"['Look for discounts.', 'Consider bulk buying.']",150.0,
Analysis complete for MOVIEPLEX,Utilities,2025-07-26T23:44:52.190531,2025-03-17T00:00:00,cb2ad4e0-10ad-4b36-ab4d-1c64c4b95786,"['Purchased various items.', 'Consider loyalty programs for savings.']","[{'name': 'WATER BILL', 'price': 50.0}, {'name': 'ELECTRICITY BILL', 'price': 100.0}]",MOVIEPLEX,"['Look for discounts.', 'Consider bulk buying.']",150.0,
Analysis complete for CITY UTILITIES,Entertainment,2025-07-26T23:44:52.190542,2025-06-20T00:00:00,c2d77774-231f-4018-83b0-c52b32776654,"['Purchased various items.', 'Consider loyalty programs for savings.']","[{'name': 'MOVIE TICKET', 'price': 15.0}, {'name': 'CONCERT TICKET', 'price': 100.0}]",CITY UTILITIES,"['Look for discounts.', 'Consider bulk buying.']",115.0,
Analysis complete for RELIANCE FRESH,Transport,2025-07-26T23:44:52.190553,2025-06-04T00:00:00,aa1c3fd3-7da2-47d5-b792-ed300cf0a8fe,"['Purchased various items.', 'Consider loyalty programs for savings.']","[{'name': 'TAXI RIDE', 'price': 100.0}, {'name': 'BUS PASS', 'price': 30.0}]",RELIANCE FRESH,"['Look for discounts.', 'Consider bulk buying.']",130.0,
Analysis complete for SPENCER'S,Transport,2025-07-26T23:44:52.190565,2025-07-25T00:00:00,aafbe123-918b-4e1e-bb6d-87d80ec43487,"['Purchased various items.', 'Consider loyalty programs for savings.']","[{'name': 'TAXI RIDE', 'price': 100.0}, {'name': 'BUS PASS', 'price': 30.0}]",SPENCER'S,"['Look for discounts.', 'Consider bulk buying.']",130.0,
Analysis complete for DMART,Electronics,2025-07-26T23:44:52.190576,2025-04-18T00:00:00,e0b2805d-7f39-4451-a449-440df8c5b14f,"['Purchased various items.', 'Consider loyalty programs for savings.']","[{'name': 'HEADPHONES', 'price': 150.0}, {'name': 'CHARGER', 'price': 50.0}]",DMART,"['Look for discounts.', 'Consider bulk buying.']",200.0,
Analysis complete for DMART,Grocery,2025-07-26T23:48:29.532477,2025-03-16T00:00:00,d749ebe2-7ddc-473e-a33d-08cfcb76e99f,"['Purchased various items.', 'Consider loyalty programs for savings.']","[{'name': 'LENTILS', 'price': 15.5}, {'name': 'SPICES', 'price': 10.0}]",DMART,"['Look for discounts.', 'Consider bulk buying.']",35.5,
Analysis complete for BIG BAZAAR,Entertainment,2025-07-26T23:48:29.532502,2025-01-21T00:00:00,f34f2c1c-f8ac-47d6-b9fb-51b0cfac6116,"['Purchased various items.', 'Consider loyalty programs for savings.']","[{'name': 'CONCERT TICKET', 'price': 100.0}, {'name': 'MOVIE TICKET', 'price': 15.0}]",BIG BAZAAR,"['Look for discounts.', 'Consider bulk buying.']",115.0,
Analysis complete for MOVIEPLEX,Utilities,2025-07-26T23:48:29.532514,2025-05-22T00:00:00,b601337a-9ed8-42d3-a6f0-d5750dab077c,"['Purchased various items.', 'Consider loyalty programs for savings.']","[{'name': 'ELECTRICITY BILL', 'price': 100.0}, {'name': 'WATER BILL', 'price': 50.0}]",MOVIEPLEX,"['Look for discounts.', 'Consider bulk buying.']",150.0,
Analysis complete for DMART,Retail,2025-07-26T23:48:29.532522,2025-02-02T00:00:00,44d218fe-919c-4ece-a3c8-73fc73136c76,"['Purchased various items.', 'Consider loyalty programs for savings.']","[{'name': 'JEANS', 'price': 60.0}, {'name': 'SHIRT', 'price': 40.0}]",DMART,"['Look for discounts.', 'Consider bulk buying.']",100.0,
Analysis complete for PHARMA PLUS,Transport,2025-07-26T23:48:29.532531,2025-01-17T00:00:00,190e6330-c48b-4f7e-9026-00eb1690847b,"['Purchased various items.', 'Consider loyalty programs for savings.']","[{'name': 'TAXI RIDE', 'price': 100.0}, {'name': 'BUS PASS', 'price': 30.0}]",PHARMA PLUS,"['Look for discounts.', 'Consider bulk buying.']",130.0,
Analysis complete for RELIANCE FRESH,Entertainment,2025-07-26T23:48:29.532537,2025-04-08T00:00:00,7b59620f-8f42-4db3-9edf-6a3575cb867f,"['Purchased various items.', 'Consider loyalty programs for savings.']","[{'name': 'CONCERT TICKET', 'price': 100.0}, {'name': 'MOVIE TICKET', 'price': 15.0}]",RELIANCE FRESH,"['Look for discounts.', 'Consider bulk buying.']",115.0,
Analysis complete for EATERY,Retail,2025-07-26T23:48:29.532543,2025-04-03T00:00:00,fa91c089-5aff-4006-a7d4-667230293129,"['Purchased various items.', 'Consider loyalty programs for savings.']","[{'name': 'SHIRT', 'price': 40.0}, {'name': 'JEANS', 'price': 60.0}]",EATERY,"['Look for discounts.', 'Consider bulk buying.']",100.0,
Analysis complete for DMART,Shopping,2025-07-26T23:48:29.532550,2025-03-02T00:00:00,3b7506b9-7ff1-4eef-893d-df7206bff080,"['Purchased various items.', 'Consider loyalty programs for savings.']","[{'name': 'WATCH', 'price': 120.0}, {'name': 'SHOES', 'price': 70.0}]",DMART,"['Look for discounts.', 'Consider bulk buying.']",190.0,
Analysis complete for RELIANCE FRESH,Pharmacy,2025-07-26T23:48:29.532560,2025-05-27T00:00:00,b5a0b73f-8c9a-4537-9dab-88858b6f5d90,"['Purchased various items.', 'Consider loyalty programs for savings.']","[{'name': 'PAINKILLERS', 'price': 15.0}, {'name': 'VITAMINS', 'price': 25.0}]",RELIANCE FRESH,"['Look for discounts.', 'Consider bulk buying.']",40.0,
Analysis complete for DMART,Shopping,2025-07-26T23:48:29.532566,2025-05-22T00:00:00,823cbd43-289d-4a19-b5dd-59a9da7ddb08,"['Purchased various items.', 'Consider loyalty programs for savings.']","[{'name': 'SHOES', 'price': 70.0}, {'name': 'WATCH', 'price': 120.0}]",DMART,"['Look for discounts.', 'Consider bulk buying.']",190.0,
Analysis complete for SPENCER'S,Electronics,2025-07-26T23:48:29.532571,2025-04-09T00:00:00,f0518d7d-b638-4d0e-b84b-208d1e0d03e3,"['Purchased various items.', 'Consider loyalty programs for savings.']","[{'name': 'HEADPHONES', 'price': 150.0}, {'name': 'CHARGER', 'price': 50.0}]",SPENCER'S,"['Look for discounts.', 'Consider bulk buying.']",200.0,
Analysis complete for SPENCER'S,Shopping,2025-07-26T23:48:29.532576,2025-03-23T00:00:00,f9cd37cd-ef34-47cb-bf6e-8f4540acf50e,"['Purchased various items.', 'Consider loyalty programs for savings.']","[{'name': 'WATCH', 'price': 120.0}, {'name': 'SHOES', 'price': 70.0}]",SPENCER'S,"['Look for discounts.', 'Consider bulk buying.']",190.0,
Analysis complete for MORE SUPERMARKET,Dining,2025-07-26T23:48:29.532581,2025-05-23T00:00:00,c587c1fd-0f4d-4d30-b96e-74b065345d92,"['Purchased various items.', 'Consider loyalty programs for savings.']","[{'name': 'LUNCH', 'price': 50.0}, {'name': 'DINNER', 'price': 80.0}]",MORE SUPERMARKET,"['Look for discounts.', 'Consider bulk buying.']",130.0,
Analysis complete for CITY UTILITIES,Shopping,2025-07-26T23:48:29.532586,2025-06-02T00:00:00,3f32c6e3-ec90-494c-9fe4-fa2801ff77b1,"['Purchased various items.', 'Consider loyalty programs for savings.']","[{'name': 'SHOES', 'price': 70.0}, {'name': 'WATCH', 'price': 120.0}]",CITY UTILITIES,"['Look for discounts.', 'Consider bulk buying.']",190.0,
Analysis complete for BIG BAZAAR,Entertainment,2025-07-26T23:48:29.532591,2025-02-15T00:00:00,a0b107c4-d416-4d1f-a030-3fefd9a67df0,"['Purchased various items.', 'Consider loyalty programs for savings.']","[{'name': 'CONCERT TICKET', 'price': 100.0}, {'name': 'MOVIE TICKET', 'price': 15.0}]",BIG BAZAAR,"['Look for discounts.', 'Consider bulk buying.']",115.0,
Analysis complete for EATERY,Utilities,2025-07-26T23:48:29.532596,2025-05-30T00:00:00,3834ee7c-e122-42a1-9d2e-91032baaa093,"['Purchased various items.', 'Consider loyalty programs for savings.']","[{'name': 'ELECTRICITY BILL', 'price': 100.0}, {'name': 'WATER BILL', 'price': 50.0}]",EATERY,"['Look for discounts.', 'Consider bulk buying.']",150.0,
Analysis complete for MOVIEPLEX,Dining,2025-07-26T23:48:29.532600,2025-01-04T00:00:00,39e38716-b4b7-4018-bc4b-d4964691b506,"['Purchased various items.', 'Consider loyalty programs for savings.']","[{'name': 'DINNER', 'price': 80.0}, {'name': 'LUNCH', 'price': 50.0}]",MOVIEPLEX,"['Look for discounts.', 'Consider bulk buying.']",130.0,
Analysis complete for RELIANCE FRESH,Shopping,2025-07-26T23:48:29.532605,2025-01-19T00:00:00,51fcef5a-b1c2-477a-9f53-7e7d09aa7d1c,"['Purchased various items.', 'Consider loyalty programs for savings.']","[{'name': 'WATCH', 'price': 120.0}, {'name': 'SHOES', 'price': 70.0}]",RELIANCE FRESH,"['Look for discounts.', 'Consider bulk buying.']",190.0,
Analysis complete for CITY UTILITIES,Entertainment,2025-07-26T23:48:29.532609,2025-05-11T00:00:00,f3cce06d-e863-4857-beea-f52796c5541d,"['Purchased various items.', 'Consider loyalty programs for savings.']","[{'name': 'MOVIE TICKET', 'price': 15.0}, {'name': 'CONCERT TICKET', 'price': 100.0}]",CITY UTILITIES,"['Look for discounts.', 'Consider bulk buying.']",115.0,
Analysis complete for MORE SUPERMARKET,Entertainment,2025-07-26T23:48:29.532614,2025-06-09T00:00:00,e07d9f26-3bf8-49c0-8217-6a5a95306f26,"['Purchased various items.', 'Consider loyalty programs for savings.']","[{'name': 'CONCERT TICKET', 'price': 100.0}, {'name': 'MOVIE TICKET', 'price': 15.0}]",MORE SUPERMARKET,"['Look for discounts.', 'Consider bulk buying.']",115.0,
Analysis complete for MOVIEPLEX,Shopping,2025-07-26T23:48:29.532618,2025-07-19T00:00:00,3808a29d-2cff-48c5-ab01-d3ad9fae64eb,"['Purchased various items.', 'Consider loyalty programs for savings.']","[{'name': 'WATCH', 'price': 120.0}, {'name': 'SHOES', 'price': 70.0}]",MOVIEPLEX,"['Look for discounts.', 'Consider bulk buying.']",190.0,
Analysis complete for EATERY,Pharmacy,2025-07-26T23:48:29.532623,2025-03-22T00:00:00,f5ae394c-4c3b-40a5-8e09-aa92ccee1ff6,"['Purchased various items.', 'Consider loyalty programs for savings.']","[{'name': 'VITAMINS', 'price': 25.0}, {'name': 'PAINKILLERS', 'price': 15.0}]",EATERY,"['Look for discounts.', 'Consider bulk buying.']",40.0,
Analysis complete for EATERY,Shopping,2025-07-26T23:48:29.532628,2025-05-18T00:00:00,e2432c51-c882-42da-adab-cf8c0179ad44,"['Purchased various items.', 'Consider loyalty programs for savings.']","[{'name': 'WATCH', 'price': 120.0}, {'name': 'SHOES', 'price': 70.0}]",EATERY,"['Look for discounts.', 'Consider bulk buying.']",190.0,
Analysis complete for RELIANCE FRESH,Retail,2025-07-26T23:48:29.532632,2025-04-27T00:00:00,f33a89d7-88c3-4b89-986e-8fcdda325b9d,"['Purchased various items.', 'Consider loyalty programs for savings.']","[{'name': 'SHIRT', 'price': 40.0}, {'name': 'JEANS', 'price': 60.0}]",RELIANCE FRESH,"['Look for discounts.', 'Consider bulk buying.']",100.0,
Analysis complete for BIG BAZAAR,Utilities,2025-07-26T23:48:29.532637,2025-04-12T00:00:00,93502d5a-c744-40c2-bc68-97123081eb7a,"['Purchased various items.', 'Consider loyalty programs for savings.']","[{'name': 'WATER BILL', 'price': 50.0}, {'name': 'ELECTRICITY BILL', 'price': 100.0}]",BIG BAZAAR,"['Look for discounts.', 'Consider bulk buying.']",150.0,
Analysis complete for EATERY,Dining,2025-07-26T23:48:29.532642,2025-07-24T00:00:00,6b5db792-6ce1-4b80-8502-86f25d75ff6f,"['Purchased various items.', 'Consider loyalty programs for savings.']","[{'name': 'LUNCH', 'price': 50.0}, {'name': 'DINNER', 'price': 80.0}]",EATERY,"['Look for discounts.', 'Consider bulk buying.']",130.0,
Analysis complete for EATERY,Utilities,2025-07-26T23:48:29.532646,2025-02-17T00:00:00,620d315f-d745-48ba-bdc8-87188519e976,"['Purchased various items.', 'Consider loyalty programs for savings.']","[{'name': 'ELECTRICITY BILL', 'price': 100.0}, {'name': 'WATER BILL', 'price': 50.0}]",EATERY,"['Look for discounts.', 'Consider bulk buying.']",150.0,
Analysis complete for SPENCER'S,Utilities,2025-07-26T23:48:29.532651,2025-02-09T00:00:00,164fa247-c481-448c-b869-0fdea38ad97c,"['Purchased various items.', 'Consider loyalty programs for savings.']","[{'name': 'WATER BILL', 'price': 50.0}, {'name': 'ELECTRICITY BILL', 'price': 100.0}]",SPENCER'S,"['Look for discounts.', 'Consider bulk buying.']",150.0,
Analysis complete for CITY UTILITIES,Grocery,2025-07-26T23:48:29.532655,2025-05-30T00:00:00,0a01939c-1d33-4cca-8a5e-b24354c6ae0b,"['Purchased various items.', 'Consider loyalty programs for savings.']","[{'name': 'LENTILS', 'price': 15.5}, {'name': 'RICE', 'price': 20.0}]",CITY UTILITIES,"['Look for discounts.', 'Consider bulk buying.']",25.5,
Analysis complete for BIG BAZAAR,Entertainment,2025-07-26T23:48:29.532661,2025-05-22T00:00:00,1e27d0ca-ee2e-47b4-93e4-5db14a6ae896,"['Purchased various items.', 'Consider loyalty programs for savings.']","[{'name': 'CONCERT TICKET', 'price': 100.0}, {'name': 'MOVIE TICKET', 'price': 15.0}]",BIG BAZAAR,"['Look for discounts.', 'Consider bulk buying.']",115.0,
Analysis complete for SPENCER'S,Utilities,2025-07-26T23:48:29.532666,2025-02-10T00:00:00,63c70a37-1ada-4da6-ab64-f5b5fa8d5d94,"['Purchased various items.', 'Consider loyalty programs for savings.']","[{'name': 'WATER BILL', 'price': 50.0}, {'name': 'ELECTRICITY BILL', 'price': 100.0}]",SPENCER'S,"['Look for discounts.', 'Consider bulk buying.']",150.0,
Analysis complete for RELIANCE FRESH,Dining,2025-07-26T23:48:29.532670,2025-03-09T00:00:00,f174067a-7717-450f-9e97-6392e733a82e,"['Purchased various items.', 'Consider loyalty programs for savings.']","[{'name': 'LUNCH', 'price': 50.0}, {'name': 'DINNER', 'price': 80.0}]",RELIANCE FRESH,"['Look for discounts.', 'Consider bulk buying.']",130.0,
Analysis complete for CITY UTILITIES,Entertainment,2025-07-26T23:48:29.532674,2025-06-08T00:00:00,f6349e97-deeb-4931-9b0f-0787baf86564,"['Purchased various items.', 'Consider loyalty programs for savings.']","[{'name': 'CONCERT TICKET', 'price': 100.0}, {'name': 'MOVIE TICKET', 'price': 15.0}]",CITY UTILITIES,"['Look for discounts.', 'Consider bulk buying.']",115.0,
Analysis complete for BIG BAZAAR,Shopping,2025-07-26T23:48:29.532679,2025-07-02T00:00:00,29cd6400-956d-435e-8321-22f24bb244f4,"['Purchased various items.', 'Consider loyalty programs for savings.']","[{'name': 'WATCH', 'price': 120.0}, {'name': 'SHOES', 'price': 70.0}]",BIG BAZAAR,"['Look for discounts.', 'Consider bulk buying.']",190.0,
Analysis complete for MORE SUPERMARKET,Grocery,2025-07-26T23:48:29.532684,2025-07-09T00:00:00,bc7bd336-4012-4ca5-9ba5-2d8db156deb5,"['Purchased various items.', 'Consider loyalty programs for savings.']","[{'name': 'SPICES', 'price': 10.0}, {'name': 'RICE', 'price': 20.0}]",MORE SUPERMARKET,"['Look for discounts.', 'Consider bulk buying.']",25.5,
Analysis complete for DMART,Utilities,2025-07-26T23:48:29.532688,2025-06-26T00:00:00,56fc0e91-3083-40dc-8f80-1526d9fd1af1,"['Purchased various items.', 'Consider loyalty programs for savings.']","[{'name': 'ELECTRICITY BILL', 'price': 100.0}, {'name': 'WATER BILL', 'price': 50.0}]",DMART,"['Look for discounts.', 'Consider bulk buying.']",150.0,
Analysis complete for MORE SUPERMARKET,Utilities,2025-07-26T23:48:29.532693,2025-02-20T00:00:00,348b36e1-bb2a-4ae7-867a-c3c58a5f5cfa,"['Purchased various items.', 'Consider loyalty programs for savings.']","[{'name': 'ELECTRICITY BILL', 'price': 100.0}, {'name': 'WATER BILL', 'price': 50.0}]",MORE SUPERMARKET,"['Look for discounts.', 'Consider bulk buying.']",150.0,
Analysis complete for BIG BAZAAR,Pharmacy,2025-07-26T23:48:29.532697,2025-01-25T00:00:00,c8b28fc2-3d43-402d-98b9-a99ffad1c2f1,"['Purchased various items.', 'Consider loyalty programs for savings.']","[{'name': 'PAINKILLERS', 'price': 15.0}, {'name': 'VITAMINS', 'price': 25.0}]",BIG BAZAAR,"['Look for discounts.', 'Consider bulk buying.']",40.0,
Analysis complete for PHARMA PLUS,Retail,2025-07-26T23:48:29.532702,2025-05-18T00:00:00,74c50373-5a2c-4bb6-85c1-4b2bd56df283,"['Purchased various items.', 'Consider loyalty programs for savings.']","[{'name': 'SHIRT', 'price': 40.0}, {'name': 'JEANS', 'price': 60.0}]",PHARMA PLUS,"['Look for discounts.', 'Consider bulk buying.']",100.0,
Analysis complete for RELIANCE FRESH,Grocery,2025-07-26T23:48:29.532706,2025-07-03T00:00:00,a557e901-eb25-476e-8efe-47ad9ffaac75,"['Purchased various items.', 'Consider loyalty programs for savings.']","[{'name': 'RICE', 'price': 20.0}, {'name': 'LENTILS', 'price': 15.5}]",RELIANCE FRESH,"['Look for discounts.', 'Consider bulk buying.']",25.5,
Analysis complete for EATERY,Utilities,2025-07-26T23:48:29.532710,2025-06-06T00:00:00,61bf71d1-3a96-47d8-964d-55d3e3e2e239,"['Purchased various items.', 'Consider loyalty programs for savings.']","[{'name': 'WATER BILL', 'price': 50.0}, {'name': 'ELECTRICITY BILL', 'price': 100.0}]",EATERY,"['Look for discounts.', 'Consider bulk buying.']",150.0,
Analysis complete for BIG BAZAAR,Entertainment,2025-07-26T23:48:29.532715,2025-06-12T00:00:00,78f9db7d-3c0f-43e2-b23b-a1ca3c22e7c4,"['Purchased various items.', 'Consider loyalty programs for savings.']","[{'name': 'CONCERT TICKET', 'price': 100.0}, {'name': 'MOVIE TICKET', 'price': 15.0}]",BIG BAZAAR,"['Look for discounts.', 'Consider bulk buying.']",115.0,
Analysis complete for MORE SUPERMARKET,Pharmacy,2025-07-26T23:48:29.532719,2025-07-17T00:00:00,957c7d9e-9e0e-4060-8534-19a3f152cd6a,"['Purchased various items.', 'Consider loyalty programs for savings.']","[{'name': 'VITAMINS', 'price': 25.0}, {'name': 'PAINKILLERS', 'price': 15.0}]",MORE SUPERMARKET,"['Look for discounts.', 'Consider bulk buying.']",40.0,
Analysis complete for CITY UTILITIES,Utilities,2025-07-26T23:48:29.532724,2025-03-07T00:00:00,87ccfa75-e401-45c9-990a-0e1221f5e481,"['Purchased various items.', 'Consider loyalty programs for savings.']","[{'name': 'ELECTRICITY BILL', 'price': 100.0}, {'name': 'WATER BILL', 'price': 50.0}]",CITY UTILITIES,"['Look for discounts.', 'Consider bulk buying.']",150.0,
Analysis complete for SPENCER'S,Entertainment,2025-07-26T23:48:29.532730,2025-05-13T00:00:00,bad31b85-3e84-4083-91cd-f3b8e59a7b21,"['Purchased various items.', 'Consider loyalty programs for savings.']","[{'name': 'MOVIE TICKET', 'price': 15.0}, {'name': 'CONCERT TICKET', 'price': 100.0}]",SPENCER'S,"['Look for discounts.', 'Consider bulk buying.']",115.0,
Analysis complete for CITY UTILITIES,Retail,2025-07-26T23:48:29.532734,2025-03-24T00:00:00,f573eec4-7e92-4d42-bd2b-44acc2babfd4,"['Purchased various items.', 'Consider loyalty programs for savings.']","[{'name': 'JEANS', 'price': 60.0}, {'name': 'SHIRT', 'price': 40.0}]",CITY UTILITIES,"['Look for discounts.', 'Consider bulk buying.']",100.0,
Analysis complete for EATERY,Pharmacy,2025-07-26T23:48:29.532739,2025-04-27T00:00:00,6e6500d8-c67f-4b25-8e9d-22c77aa8783a,"['Purchased various items.', 'Consider loyalty programs for savings.']","[{'name': 'VITAMINS', 'price': 25.0}, {'name': 'PAINKILLERS', 'price': 15.0}]",EATERY,"['Look for discounts.', 'Consider bulk buying.']",40.0,
Analysis complete for CITY UTILITIES,Dining,2025-07-26T23:48:29.532743,2025-07-10T00:00:00,a40aecb5-4964-4873-9e31-07a6bc734f23,"['Purchased various items.', 'Consider loyalty programs for savings.']","[{'name': 'LUNCH', 'price': 50.0}, {'name': 'DINNER', 'price': 80.0}]",CITY UTILITIES,"['Look for discounts.', 'Consider bulk buying.']",130.0,
Analysis complete for MORE SUPERMARKET,Utilities,2025-07-26T23:48:29.532747,2025-07-07T00:00:00,45e08605-2ec7-42ab-af20-a58ecf8baa05,"['Purchased various items.', 'Consider loyalty programs for savings.']","[{'name': 'ELECTRICITY BILL', 'price': 100.0}, {'name': 'WATER BILL', 'price': 50.0}]",MORE SUPERMARKET,"['Look for discounts.', 'Consider bulk buying.']",150.0,
Analysis complete for CITY UTILITIES,Shopping,2025-07-26T23:48:29.532752,2025-05-05T00:00:00,8c8547c5-162c-4ad9-bbdd-1db7aa316324,"['Purchased various items.', 'Consider loyalty programs for savings.']","[{'name': 'SHOES', 'price': 70.0}, {'name': 'WATCH', 'price': 120.0}]",CITY UTILITIES,"['Look for discounts.', 'Consider bulk buying.']",190.0,
Analysis complete for Superstore,Electronics,2025-07-27 01:52:34.572814,2023-01-20 00:00:00,f21b39d0-4087-492d-a714-d7a150d3331c,"['High value purchase detected.', 'Significant tax amount indicates potential for tax deductions.']","[{'name': 'Specialized Kenevo Expert Carbon', 'price': 10999.99, 'quantity': 1}]",Superstore,"['Consider extended warranty options for the Specialized Kenevo Expert Carbon.', 'Explore financing options to manage the high purchase amount.']",11852.49,manual
